obj,review
A,actual  color  shirt  different  online  picture  color  fades  hand  washing  price  quality  ask  customer  service  refund
B,buy  blue  shirt  sent  wrong  color  fault  customer  service  ask  return  good  pay  freight
C,color  buy  want  color  shirt   difference  good  picture  False  advertising  ask  return  refund  customer  service  reply  message
A,actual  color  shirt  different  online  picture  color  fades  hand  washing  price  quality  ask  customer  service  refund
B,buy  blue  shirt  sent  wrong  color  fault  customer  service  ask  return  good  pay  freight
C,color  buy  want  color  shirt   difference  good  picture  False  advertising  ask  return  refund  customer  service  reply  message
A,actual  color  shirt  different  online  picture  color  fades  hand  washing  price  quality  ask  customer  service  refund
B,buy  blue  shirt  sent  wrong  color  fault  customer  service  ask  return  good  pay  freight
C,color  buy  want  color  shirt   difference  good  picture  False  advertising  ask  return  refund  customer  service  reply  message
A,actual  color  shirt  different  online  picture  color  fades  hand  washing  price  quality  ask  customer  service  refund
B,buy  blue  shirt  sent  wrong  color  fault  customer  service  ask  return  good  pay  freight
C,color  buy  want  color  shirt   difference  good  picture  False  advertising  ask  return  refund  customer  service  reply  message
A,actual  color  shirt  different  online  picture  color  fades  hand  washing  price  quality  ask  customer  service  refund
B,buy  blue  shirt  sent  wrong  color  fault  customer  service  ask  return  good  pay  freight
C,color  buy  want  color  shirt   difference  good  picture  False  advertising  ask  return  refund  customer  service  reply  message
A,actual  color  shirt  different  online  picture  color  fades  hand  washing  price  quality  ask  customer  service  refund
B,buy  blue  shirt  sent  wrong  color  fault  customer  service  ask  return  good  pay  freight
C,color  buy  want  color  shirt   difference  good  picture  False  advertising  ask  return  refund  customer  service  reply  message
A,actual  color  shirt  different  online  picture  color  fades  hand  washing  price  quality  ask  customer  service  refund
B,buy  blue  shirt  sent  wrong  color  fault  customer  service  ask  return  good  pay  freight
C,color  buy  want  color  shirt   difference  good  picture  False  advertising  ask  return  refund  customer  service  reply  message
A,actual  color  shirt  different  online  picture  color  fades  hand  washing  price  quality  ask  customer  service  refund
B,buy  blue  shirt  sent  wrong  color  fault  customer  service  ask  return  good  pay  freight
C,color  buy  want  color  shirt   difference  good  picture  False  advertising  ask  return  refund  customer  service  reply  message
A,actual  color  shirt  different  online  picture  color  fades  hand  washing  price  quality  ask  customer  service  refund
B,buy  blue  shirt  sent  wrong  color  fault  customer  service  ask  return  good  pay  freight
C,color  buy  want  color  shirt   difference  good  picture  False  advertising  ask  return  refund  customer  service  reply  message
A,actual  color  shirt  different  online  picture  color  fades  hand  washing  price  quality  ask  customer  service  refund
B,buy  blue  shirt  sent  wrong  color  fault  customer  service  ask  return  good  pay  freight
C,color  buy  want  color  shirt   difference  good  picture  False  advertising  ask  return  refund  customer  service  reply  message
A,actual  color  shirt  different  online  picture  color  fades  hand  washing  price  quality  ask  customer  service  refund
B,buy  blue  shirt  sent  wrong  color  fault  customer  service  ask  return  good  pay  freight
C,color  buy  want  color  shirt   difference  good  picture  False  advertising  ask  return  refund  customer  service  reply  message
A,actual  color  shirt  different  online  picture  color  fades  hand  washing  price  quality  ask  customer  service  refund
B,buy  blue  shirt  sent  wrong  color  fault  customer  service  ask  return  good  pay  freight
C,color  buy  want  color  shirt   difference  good  picture  False  advertising  ask  return  refund  customer  service  reply  message
A,actual  color  shirt  different  online  picture  color  fades  hand  washing  price  quality  ask  customer  service  refund
B,buy  blue  shirt  sent  wrong  color  fault  customer  service  ask  return  good  pay  freight
C,color  buy  want  color  shirt   difference  good  picture  False  advertising  ask  return  refund  customer  service  reply  message
A,actual  color  shirt  different  online  picture  color  fades  hand  washing  price  quality  ask  customer  service  refund
B,buy  blue  shirt  sent  wrong  color  fault  customer  service  ask  return  good  pay  freight
C,color  buy  want  color  shirt   difference  good  picture  False  advertising  ask  return  refund  customer  service  reply  message
A,actual  color  shirt  different  online  picture  color  fades  hand  washing  price  quality  ask  customer  service  refund
B,buy  blue  shirt  sent  wrong  color  fault  customer  service  ask  return  good  pay  freight
C,color  buy  want  color  shirt   difference  good  picture  False  advertising  ask  return  refund  customer  service  reply  message
A,actual  color  shirt  different  online  picture  color  fades  hand  washing  price  quality  ask  customer  service  refund
B,buy  blue  shirt  sent  wrong  color  fault  customer  service  ask  return  good  pay  freight
C,color  buy  want  color  shirt   difference  good  picture  False  advertising  ask  return  refund  customer  service  reply  message
A,actual  color  shirt  different  online  picture  color  fades  hand  washing  price  quality  ask  customer  service  refund
B,buy  blue  shirt  sent  wrong  color  fault  customer  service  ask  return  good  pay  freight
C,color  buy  want  color  shirt   difference  good  picture  False  advertising  ask  return  refund  customer  service  reply  message
A,actual  color  shirt  different  online  picture  color  fades  hand  washing  price  quality  ask  customer  service  refund
B,buy  blue  shirt  sent  wrong  color  fault  customer  service  ask  return  good  pay  freight
C,color  buy  want  color  shirt   difference  good  picture  False  advertising  ask  return  refund  customer  service  reply  message
A,actual  color  shirt  different  online  picture  color  fades  hand  washing  price  quality  ask  customer  service  refund
B,buy  blue  shirt  sent  wrong  color  fault  customer  service  ask  return  good  pay  freight
C,color  buy  want  color  shirt   difference  good  picture  False  advertising  ask  return  refund  customer  service  reply  message
A,actual  color  shirt  different  online  picture  color  fades  hand  washing  price  quality  ask  customer  service  refund
B,buy  blue  shirt  sent  wrong  color  fault  customer  service  ask  return  good  pay  freight
C,color  buy  want  color  shirt   difference  good  picture  False  advertising  ask  return  refund  customer  service  reply  message
